First Name,Last Name,Phone Number
Alice,Smith,123-456-7890
Bob,Jones,987-654-3210
Carol,Williams,111-222-3333
Dave,Brown,444-555-6666
Eve,Johnson,777-888-9999
Alice,Williams,123-456-7890
Bob,Johnson,987-654-3210
Carol,Brown,111-222-3333
Dave,Jones,444-555-6666
Eve,Smith,777-888-9999
Alice,Brown,123-456-7890
Bob,Williams,987-654-3210
Carol,Johnson,111-222-3333
Dave,Smith,444-555-6666
Eve,Jones,777-888-9999
Alice,Johnson,123-456-7890
Bob,Smith,987-654-3210
Carol,Williams,111-222-3333
Dave,Brown,444-555-6666
Eve,Jones,777-888-9999
Alice,Williams,123-456-7890
Bob,Johnson,987-654-3210
Carol,Brown,111-222-3333
Dave,Smith,444-555-6666
Eve,Jones,777-888-9999
Alice,Brown,123-456-7890
Bob,Williams,987-654-3210
Carol,Johnson,111-222-3333
Dave,Smith,444-555-6666
Eve,Jones,777-888-9999
Alice,Johnson,123-456-7890
Bob,Smith,987-654-3210
Carol,Williams,111-222-3333
Dave,Brown,444-555-6666
Eve,Jones,777-888-9999
Alice,Williams,123-456-7890
Bob,Johnson,987-654-3210
Carol,Brown,111-222-3333
Dave,Smith,444-555-6666
Eve,Jones,777-888-9999
Alice,Brown,123-456-7890
Bob,Williams,987-654-3210
Carol,Johnson,111-222-3333
Dave,Smith,444-555-6666
Eve,Jones,777-888-9999
Alice,Johnson,123-456-7890
Bob,Smith,987-654-3210
Carol,Williams,111-222-3333
Dave,Brown,444-555-6666
Eve,Jones,777-888-9999
Alice,Johnson,123-456-7890
Bob,Smith,987-654-3210
Carol,Williams,111-222-3333
Dave,Brown,444-555-6666
Eve,Jones,777-888-9999
Alice,Johnson,123-456-7890
Bob,Smith,987-654-3210
Carol,Williams,111-222-3333
