firstname,lastname,phonenumber
Aaron,Smith,123-456-7890
Abigail,Jones,987-654-3210
Adam,Williams,111-222-3333
Adrian,Brown,444-555-6666
Alan,Johnson,777-888-9999
Albert,Miller,888-999-0000
Alexander,Smith,123-456-7890
Alexandra,Williams,111-222-3333
Alfred,Brown,444-555-6666
Alice,Johnson,777-888-9999
the Allen,Miller,888-999-0000
Allison,Smith,123-456-7890

Alexander,Smith,123-456-7890
Alexandra,Williams,111-222-3333
Alfred,Brown,444-555-6666
Alice,Johnson,777-888-9999
the Allen,Miller,888-999-0000
Allison,Smith,123-456-7890

Alexander,Smith,123-456-7890
Alexandra,Williams,111-222-3333
Alfred,Brown,444-555-6666
Alice,Johnson,777-888-9999
Allen,Miller,888-999-0000
Allison,Smith,123-456-7890

Alexander,Smith,123-456-7890
Alexandra,Williams,111-222-3333
Alfred,Brown,444-555-6666
Alice,Johnson,777-888-9999
Allen,Miller,888-999-0000
Allison,Smith,123-456-7890

Alexander,Smith,123-456-7890
Alexandra,Williams,111-222-3333
Alfred,Brown,444-555-6666
Alice,Johnson,777-888-9999
Allen,Miller,888-999-0000
Allison,Smith,123-456-7890
Amanda,Williams,111-222-3333
Amber,Brown,444-555-6666
Amy,Johnson,777-888-9999
Andrew,Miller,888-999-0000
Angela,Smith,123-456-7890
Angelina,Williams,111-222-3333
Anita,Brown,444-555-6666
Anne,Johnson,777-888-9999
Anthony,Miller,888-999-0000
Antonio,Smith,123-456-7890
Ashley,Williams,111-222-3333
Austin,Brown,444-555-6666
Ava,Johnson,777-888-9999
Benjamin,Miller,888-999-0000
Brandon,Smith,123-456-7890
Brian,Williams,111-222-3333
Brittany,Brown,444-555-6666
Bruce,Johnson,777-888-9999
Bryan,Miller,888-999-0000
Caleb,Smith,123-456-7890
Cameron,Williams,111-222-3333
Carol,Brown,444-555-6666
Caroline,Johnson,777-888-9999
Catherine,Miller,888-999-0000
Charles,Smith,123-456-7890
Charlotte,Williams,111-222-3333
Chase,Brown,444-555-6666
Chloe,Johnson,777-888-9999
Christopher,Miller,888-999-0000
Clara,Smith,123-456-7890
Cody,Williams,111-222-3333
Colin,Brown,444-555-6666
Connor,Johnson,777-888-9999
Cooper,Miller,888-999-0000
Corey,Smith,123-456-7890
Cristian,Williams,111-222-3333
Daniel,Brown,444-555-6666
David,Johnson,777-888-9999
Denise,Miller,888-999-0000
Dennis,Smith,123-456-7890
Diana,Williams,111-222-3333
Dylan,Brown,444-555-6666
Edward,Johnson,777-888-9999
Eleanor,Miller,888-999-0000
Elizabeth,Smith,123-456-7890
Emily,Williams,111-222-3333
Emma,
